name,instagram_username,instagram_url,profile_image_url,testimonial
Aisha Rivera,aishaariv,https://instagram.com/aishaariv,https://images.unsplash.com/photo-1545996124-3a70bc3a4f59?q=80&w=400&auto=format&fit=crop,"Snoolink found my best shots in minutes — absolute time saver!"
Marco Pereira,marcop,https://instagram.com/marcop,https://images.unsplash.com/photo-1544005313-94ddf0286df2?q=80&w=400&auto=format&fit=crop,"Their automation helped me gain 20% more genuine followers."
Nora Lee,noralee.create,https://instagram.com/noralee.create,https://images.unsplash.com/photo-1545996124-3a70bc3a4f60?q=80&w=400&auto=format&fit=crop,"Love the AI aesthetic scoring — it improved my feed instantly."
Sam Torres,sam.torres,https://instagram.com/sam.torres,https://images.unsplash.com/photo-1545996124-3a70bc3a4f61?q=80&w=400&auto=format&fit=crop,"The scheduling + DM templates are insanely good."
Luna Vega,luna.vega,https://instagram.com/luna.vega,https://images.unsplash.com/photo-1545996124-3a70bc3a4f62?q=80&w=400&auto=format&fit=crop,"Saved hours each week with smart cleanup & tagging."
Ethan Boyd,ethan.boyd,https://instagram.com/ethan.boyd,https://images.unsplash.com/photo-1545996124-3a70bc3a4f63?q=80&w=400&auto=format&fit=crop,"Great tool for agency workflows — scalable and reliable."
Maya Patel,maya.patel,https://instagram.com/maya.patel,https://images.unsplash.com/photo-1545996124-3a70bc3a4f64?q=80&w=400&auto=format&fit=crop,"The insights dashboard helped optimize posting times. Love it!"
Jordan Blake,jordanblake,https://instagram.com/jordanblake,https://images.unsplash.com/photo-1545996124-3a70bc3a4f65?q=80&w=400&auto=format&fit=crop,"Worth every penny for a growing creator."
Rhea Kumar,rhea.k,https://instagram.com/rhea.k,https://images.unsplash.com/photo-1545996124-3a70bc3a4f66?q=80&w=400&auto=format&fit=crop,"Intuitive and fast — the search is magical."
Noah Green,noahgreen,https://instagram.com/noahgreen,https://images.unsplash.com/photo-1545996124-3a70bc3a4f67?q=80&w=400&auto=format&fit=crop,"Saved me from hours of manual cleanup."
Sofia Reyes,sofia.reyes,https://instagram.com/sofia.reyes,https://images.unsplash.com/photo-1545996124-3a70bc3a4f68?q=80&w=400&auto=format&fit=crop,"The creative suggestions are on point."
Team Alta,team.alta,https://instagram.com/team.alta,https://images.unsplash.com/photo-1545996124-3a70bc3a4f69?q=80&w=400&auto=format&fit=crop,"We scaled our content ops using Snoolink."
