name,username,followers,category,testimonial,profile_image,instagram_url
Sarah Chen,sarahfashion,850000,Fashion,snoolink transformed my content workflow! The AI search finds the perfect outfit photos in seconds. My engagement is up 250%!,https://i.pravatar.cc/300?img=1,https://instagram.com/sarahfashion
Marcus Rodriguez,wanderlust_marcus,1200000,Travel,"As a travel creator with 10K+ photos, snoolink's organization is a lifesaver. The automation helps me grow while I explore!",https://i.pravatar.cc/300?img=13,https://instagram.com/wanderlust_marcus
Emma Thompson,emmalifestyle,650000,Lifestyle,The smart content curation is incredible. snoolink knows exactly which posts will perform best. Game changer!,https://i.pravatar.cc/300?img=5,https://instagram.com/emmalifestyle
Jake Morrison,fitwithjake,920000,Fitness,Managing my fitness content library was overwhelming until snoolink. Now everything is organized and accessible instantly!,https://i.pravatar.cc/300?img=12,https://instagram.com/fitwithjake
Priya Sharma,foodie_priya,780000,Food,The AI understands food photography! It helps me find similar dishes and styles. My sponsored content workflow is seamless now.,https://i.pravatar.cc/300?img=9,https://instagram.com/foodie_priya
Alex Park,techwithalex,1500000,Tech,"As a tech reviewer, I have thousands of product shots. snoolink's search is like magic - 'find the iPhone 15 unboxing' just works!",https://i.pravatar.cc/300?img=14,https://instagram.com/techwithalex
Olivia Brown,oliviatravels,980000,Travel,The automation features freed up 15 hours a week! Now I can focus on creating content instead of managing DMs.,https://i.pravatar.cc/300?img=44,https://instagram.com/oliviatravels
David Kim,davidfitness,720000,Fitness,snoolink's analytics helped me understand what content resonates. My follower growth rate doubled in 3 months!,https://i.pravatar.cc/300?img=51,https://instagram.com/davidfitness
Sophie Laurent,sophiestyle,1100000,Fashion,The best investment for my fashion brand. Finding archive pieces and creating lookbooks is now effortless!,https://i.pravatar.cc/300?img=20,https://instagram.com/sophiestyle
Ryan Cooper,ryancooks,540000,Food,I can search 'pasta dishes with wine' and get exactly what I need. This tool pays for itself in time saved!,https://i.pravatar.cc/300?img=33,https://instagram.com/ryancooks
Mia Johnson,mia_wellness,890000,Lifestyle,The content suggestions are spot-on. snoolink helped me maintain consistency and grow my wellness community.,https://i.pravatar.cc/300?img=23,https://instagram.com/mia_wellness
Carlos Santos,carlos_adventures,1350000,Travel,"With footage from 50+ countries, I needed serious organization. snoolink delivered beyond expectations!",https://i.pravatar.cc/300?img=52,https://instagram.com/carlos_adventures
Zoe Anderson,zoetech,670000,Tech,The AI-powered tagging is incredibly accurate. It even recognizes specific gadgets and tech specifications!,https://i.pravatar.cc/300?img=47,https://instagram.com/zoetech
Liam Chen,liamstyle,810000,Fashion,Managing brand collaborations became so much easier. I can instantly pull up past sponsored content for references.,https://i.pravatar.cc/300?img=53,https://instagram.com/liamstyle
Isabella Garcia,bella_fit,740000,Fitness,The workout video organization is perfect. I can find any exercise demo in seconds for my training programs.,https://i.pravatar.cc/300?img=38,https://instagram.com/bella_fit
Noah Williams,noahfoodie,620000,Food,Recipe content management made simple! The AI even groups similar cuisines automatically.,https://i.pravatar.cc/300?img=56,https://instagram.com/noahfoodie
Ava Martinez,ava_travels,1050000,Travel,From chaos to clarity! snoolink organized 5 years of travel content in hours. The search is phenomenal!,https://i.pravatar.cc/300?img=27,https://instagram.com/ava_travels
Ethan Lee,ethantech,930000,Tech,Perfect for tech content creators. The automation handles routine engagement while I focus on reviews.,https://i.pravatar.cc/300?img=15,https://instagram.com/ethantech
Maya Patel,maya_style,780000,Fashion,The aesthetic scoring feature helps me curate my feed perfectly. My brand consistency improved dramatically!,https://i.pravatar.cc/300?img=28,https://instagram.com/maya_style
Lucas Brown,lucas_healthy,690000,Lifestyle,"Meal prep content, workout routines, wellness tips - all organized beautifully. This tool is essential!",https://i.pravatar.cc/300?img=54,https://instagram.com/lucas_healthy
Aria Wilson,aria_eats,570000,Food,The duplicate detection saved me from posting similar content twice. Smart AI that actually understands food!,https://i.pravatar.cc/300?img=32,https://instagram.com/aria_eats
Oliver Zhang,oliver_explores,1250000,Travel,"Travel content from 6 continents, perfectly organized. The location-based search is incredibly useful!",https://i.pravatar.cc/300?img=58,https://instagram.com/oliver_explores
Emma Davis,emmafitstyle,860000,Fitness,Combining fitness and fashion content was messy until snoolink. Now I can cross-reference effortlessly!,https://i.pravatar.cc/300?img=45,https://instagram.com/emmafitstyle
James Taylor,james_techie,710000,Tech,The best content management tool for tech creators. Period. My productivity increased 3x!,https://i.pravatar.cc/300?img=57,https://instagram.com/james_techie
Lucas Brown,lucas_healthy,690000,Lifestyle,"Meal prep content, workout routines, wellness tips - all organized beautifully. This tool is essential!",https://i.pravatar.cc/300?img=54,https://instagram.com/lucas_healthy
Lucas Brown,lucas_healthy,690000,Lifestyle,"Meal prep content, workout routines, wellness tips - all organized beautifully. This tool is essential!",https://i.pravatar.cc/300?img=54,https://instagram.com/lucas_healthy
Emma Davis11,Emmafitstyle11,860000,Fitness,Combining fitness and fashion content was messy until snoolink. Now I can cross-reference effortlessly!w,https://i.pravatar.cc/300?img=45,https://instagram.com/emmafitstyleww
Emma Davis,emmafitstyle,860000,Fitness,Combining fitness and fashion content was messy until snoolink. Now I can cross-reference effortlessly!,https://i.pravatar.cc/300?img=45,https://instagram.com/emmafitstyle